transaction_type,state,city_tier,age_group,gender,count,total_amount,avg_amount
Lumpsum,Delhi,T30,18-25,Female,22,5886349,267561.3181818182
Lumpsum,Delhi,T30,18-25,Male,51,13907319,272692.5294117647
Lumpsum,Delhi,T30,26-35,Female,72,17958485,249423.40277777778
Lumpsum,Delhi,T30,26-35,Male,220,56422077,256463.98636363636
Lumpsum,Delhi,T30,36-45,Female,68,18647463,274227.39705882355
Lumpsum,Delhi,T30,36-45,Male,120,30304177,252534.80833333332
Lumpsum,Delhi,T30,46-55,Female,17,3969460,233497.64705882352
Lumpsum,Delhi,T30,46-55,Male,43,10521253,244680.3023255814
Lumpsum,Delhi,T30,56+,Female,18,3934523,218584.61111111112
Lumpsum,Delhi,T30,56+,Male,46,13176060,286436.0869565217
Lumpsum,Gujarat,T30,18-25,Female,31,8105078,261454.12903225806
Lumpsum,Gujarat,T30,18-25,Male,64,17096681,267135.640625
Lumpsum,Gujarat,T30,26-35,Female,81,21849116,269742.1728395062
Lumpsum,Gujarat,T30,26-35,Male,192,44998199,234365.61979166666
Lumpsum,Gujarat,T30,36-45,Female,46,12509683,271949.6304347826
Lumpsum,Gujarat,T30,36-45,Male,141,35883901,254495.75177304965
Lumpsum,Gujarat,T30,46-55,Female,35,9454236,270121.02857142856
Lumpsum,Gujarat,T30,46-55,Male,63,17672686,280518.8253968254
Lumpsum,Gujarat,T30,56+,Female,21,4591859,218659.95238095237
Lumpsum,Gujarat,T30,56+,Male,38,8776049,230948.65789473685
Lumpsum,Haryana,B30,18-25,Female,16,3132066,195754.125
Lumpsum,Haryana,B30,18-25,Male,37,9895120,267435.6756756757
Lumpsum,Haryana,B30,26-35,Female,53,12712314,239854.98113207548
Lumpsum,Haryana,B30,26-35,Male,82,21658407,264126.9146341463
Lumpsum,Haryana,B30,36-45,Female,27,6138871,227365.59259259258
Lumpsum,Haryana,B30,36-45,Male,39,8998932,230741.84615384616
Lumpsum,Haryana,B30,46-55,Female,15,3505171,233678.06666666668
Lumpsum,Haryana,B30,46-55,Male,33,9041609,273988.1515151515
Lumpsum,Haryana,B30,56+,Female,15,2681844,178789.6
Lumpsum,Haryana,B30,56+,Male,23,5511684,239638.4347826087
Lumpsum,Haryana,T30,18-25,Female,8,2062174,257771.75
Lumpsum,Haryana,T30,18-25,Male,26,6992202,268930.8461538461
Lumpsum,Haryana,T30,26-35,Female,62,14840956,239370.25806451612
Lumpsum,Haryana,T30,26-35,Male,87,22487020,258471.49425287356
Lumpsum,Haryana,T30,36-45,Female,37,9553682,258207.62162162163
Lumpsum,Haryana,T30,36-45,Male,38,9277482,244144.26315789475
Lumpsum,Haryana,T30,46-55,Female,15,2821626,188108.4
Lumpsum,Haryana,T30,46-55,Male,25,7465877,298635.08
Lumpsum,Haryana,T30,56+,Female,2,315408,157704.0
Lumpsum,Haryana,T30,56+,Male,16,4246573,265410.8125
Lumpsum,Karnataka,B30,18-25,Female,20,6340383,317019.15
Lumpsum,Karnataka,B30,18-25,Male,44,12153694,276220.3181818182
Lumpsum,Karnataka,B30,26-35,Female,52,14100080,271155.3846153846
Lumpsum,Karnataka,B30,26-35,Male,92,23483012,255250.13043478262
Lumpsum,Karnataka,B30,36-45,Female,26,5292278,203549.15384615384
Lumpsum,Karnataka,B30,36-45,Male,41,9644577,235233.58536585365
Lumpsum,Karnataka,B30,46-55,Female,8,1881323,235165.375
Lumpsum,Karnataka,B30,46-55,Male,27,6643986,246073.55555555556
Lumpsum,Karnataka,B30,56+,Female,2,192111,96055.5
Lumpsum,Karnataka,B30,56+,Male,4,889723,222430.75
Lumpsum,Karnataka,T30,18-25,Female,23,5918489,257325.60869565216
Lumpsum,Karnataka,T30,18-25,Male,18,4560490,253360.55555555556
Lumpsum,Karnataka,T30,26-35,Female,35,9058607,258817.34285714285
Lumpsum,Karnataka,T30,26-35,Male,87,22592523,259684.1724137931
Lumpsum,Karnataka,T30,36-45,Female,18,5171593,287310.72222222225
Lumpsum,Karnataka,T30,36-45,Male,45,10873356,241630.13333333333
Lumpsum,Karnataka,T30,46-55,Female,24,5628134,234505.58333333334
Lumpsum,Karnataka,T30,46-55,Male,22,5812549,264206.7727272727
Lumpsum,Karnataka,T30,56+,Female,5,1298618,259723.6
Lumpsum,Karnataka,T30,56+,Male,12,2871505,239292.08333333334
Lumpsum,Madhya Pradesh,B30,18-25,Female,44,10326668,234697.0
Lumpsum,Madhya Pradesh,B30,18-25,Male,29,7150637,246573.6896551724
Lumpsum,Madhya Pradesh,B30,26-35,Female,41,11149342,271935.1707317073
Lumpsum,Madhya Pradesh,B30,26-35,Male,107,28982543,270864.8878504673
Lumpsum,Madhya Pradesh,B30,36-45,Female,37,9763921,263889.75675675675
Lumpsum,Madhya Pradesh,B30,36-45,Male,67,17846011,266358.37313432834
Lumpsum,Madhya Pradesh,B30,46-55,Female,16,3225423,201588.9375
Lumpsum,Madhya Pradesh,B30,46-55,Male,17,4535207,266776.8823529412
Lumpsum,Madhya Pradesh,B30,56+,Female,6,2037312,339552.0
Lumpsum,Madhya Pradesh,B30,56+,Male,18,4744404,263578.0
Lumpsum,Madhya Pradesh,T30,18-25,Female,22,5852884,266040.1818181818
Lumpsum,Madhya Pradesh,T30,18-25,Male,30,6473005,215766.83333333334
Lumpsum,Madhya Pradesh,T30,26-35,Female,42,10259316,244269.42857142858
Lumpsum,Madhya Pradesh,T30,26-35,Male,93,24392845,262288.65591397847
Lumpsum,Madhya Pradesh,T30,36-45,Female,25,6372743,254909.72
Lumpsum,Madhya Pradesh,T30,36-45,Male,53,12152686,229295.96226415093
Lumpsum,Madhya Pradesh,T30,46-55,Female,13,3909602,300738.6153846154
Lumpsum,Madhya Pradesh,T30,46-55,Male,24,6369040,265376.6666666667
Lumpsum,Madhya Pradesh,T30,56+,Female,14,3216043,229717.35714285713
Lumpsum,Madhya Pradesh,T30,56+,Male,22,5046646,229393.0
Lumpsum,Maharashtra,B30,18-25,Female,3,796442,265480.6666666667
Lumpsum,Maharashtra,B30,18-25,Male,12,2859418,238284.83333333334
Lumpsum,Maharashtra,B30,26-35,Female,28,6595473,235552.60714285713
Lumpsum,Maharashtra,B30,26-35,Male,55,14315649,260284.52727272728
Lumpsum,Maharashtra,B30,36-45,Female,13,3581373,275490.23076923075
Lumpsum,Maharashtra,B30,36-45,Male,48,11400587,237512.22916666666
Lumpsum,Maharashtra,B30,46-55,Female,1,461605,461605.0
Lumpsum,Maharashtra,B30,46-55,Male,9,1848188,205354.22222222222
Lumpsum,Maharashtra,B30,56+,Female,5,757175,151435.0
Lumpsum,Maharashtra,B30,56+,Male,21,4871627,231982.2380952381
Lumpsum,Maharashtra,T30,18-25,Female,17,4670695,274746.76470588235
Lumpsum,Maharashtra,T30,18-25,Male,55,13842364,251679.34545454546
Lumpsum,Maharashtra,T30,26-35,Female,74,20396329,275626.0675675676
Lumpsum,Maharashtra,T30,26-35,Male,111,28195409,254012.6936936937
Lumpsum,Maharashtra,T30,36-45,Female,54,12433002,230240.77777777778
Lumpsum,Maharashtra,T30,36-45,Male,78,19385762,248535.41025641025
Lumpsum,Maharashtra,T30,46-55,Female,11,3168794,288072.1818181818
Lumpsum,Maharashtra,T30,46-55,Male,44,11231716,255266.27272727274
Lumpsum,Maharashtra,T30,56+,Female,3,673672,224557.33333333334
Lumpsum,Maharashtra,T30,56+,Male,10,2738194,273819.4
Lumpsum,Punjab,B30,18-25,Female,21,4617269,219869.95238095237
Lumpsum,Punjab,B30,18-25,Male,43,10602795,246576.62790697673
Lumpsum,Punjab,B30,26-35,Female,43,11812229,274703.0
Lumpsum,Punjab,B30,26-35,Male,116,31775506,273926.775862069
Lumpsum,Punjab,B30,36-45,Female,23,5310497,230891.1739130435
Lumpsum,Punjab,B30,36-45,Male,44,10699212,243163.9090909091
Lumpsum,Punjab,B30,46-55,Female,18,4411200,245066.66666666666
Lumpsum,Punjab,B30,46-55,Male,28,6598517,235661.32142857142
Lumpsum,Punjab,B30,56+,Female,13,3061588,235506.76923076922
Lumpsum,Punjab,B30,56+,Male,17,4568985,268763.82352941175
Lumpsum,Punjab,T30,18-25,Female,6,1365202,227533.66666666666
Lumpsum,Punjab,T30,18-25,Male,39,10922076,280053.23076923075
Lumpsum,Punjab,T30,26-35,Female,52,13441967,258499.36538461538
Lumpsum,Punjab,T30,26-35,Male,121,28712858,237296.34710743802
Lumpsum,Punjab,T30,36-45,Female,13,3847238,295941.3846153846
Lumpsum,Punjab,T30,36-45,Male,49,11408222,232820.85714285713
Lumpsum,Punjab,T30,46-55,Female,17,5282283,310722.5294117647
Lumpsum,Punjab,T30,46-55,Male,29,7303646,251849.8620689655
Lumpsum,Punjab,T30,56+,Female,12,3190375,265864.5833333333
Lumpsum,Punjab,T30,56+,Male,17,5180827,304754.5294117647
Lumpsum,Rajasthan,B30,18-25,Female,24,5588804,232866.83333333334
Lumpsum,Rajasthan,B30,18-25,Male,32,9543460,298233.125
Lumpsum,Rajasthan,B30,26-35,Female,46,12273231,266809.3695652174
Lumpsum,Rajasthan,B30,26-35,Male,102,26562671,260418.3431372549
Lumpsum,Rajasthan,B30,36-45,Female,21,6281703,299128.71428571426
Lumpsum,Rajasthan,B30,36-45,Male,48,12631148,263148.9166666667
Lumpsum,Rajasthan,B30,46-55,Female,8,2326294,290786.75
Lumpsum,Rajasthan,B30,46-55,Male,26,6532744,251259.38461538462
Lumpsum,Rajasthan,B30,56+,Female,14,3685015,263215.35714285716
Lumpsum,Rajasthan,B30,56+,Male,17,4307057,253356.29411764705
Lumpsum,Rajasthan,T30,18-25,Female,18,5165911,286995.05555555556
Lumpsum,Rajasthan,T30,18-25,Male,23,6448784,280381.9130434783
Lumpsum,Rajasthan,T30,26-35,Female,46,11818106,256915.34782608695
Lumpsum,Rajasthan,T30,26-35,Male,89,23136265,259958.03370786516
Lumpsum,Rajasthan,T30,36-45,Female,34,9044642,266018.8823529412
Lumpsum,Rajasthan,T30,36-45,Male,45,12023878,267197.2888888889
Lumpsum,Rajasthan,T30,46-55,Female,12,3323871,276989.25
Lumpsum,Rajasthan,T30,46-55,Male,30,6849917,228330.56666666668
Lumpsum,Rajasthan,T30,56+,Female,7,944147,134878.14285714287
Lumpsum,Rajasthan,T30,56+,Male,30,7008812,233627.06666666668
Lumpsum,Tamil Nadu,B30,18-25,Female,17,4940524,290619.0588235294
Lumpsum,Tamil Nadu,B30,18-25,Male,50,12386285,247725.7
Lumpsum,Tamil Nadu,B30,26-35,Female,50,13471678,269433.56
Lumpsum,Tamil Nadu,B30,26-35,Male,105,26963465,256794.90476190476
Lumpsum,Tamil Nadu,B30,36-45,Female,34,8901744,261816.0
Lumpsum,Tamil Nadu,B30,36-45,Male,61,15962083,261673.49180327868
Lumpsum,Tamil Nadu,B30,46-55,Female,8,2542785,317848.125
Lumpsum,Tamil Nadu,B30,46-55,Male,30,7583465,252782.16666666666
Lumpsum,Tamil Nadu,B30,56+,Female,7,1439607,205658.14285714287
Lumpsum,Tamil Nadu,B30,56+,Male,10,2659110,265911.0
Lumpsum,Tamil Nadu,T30,18-25,Female,19,4504074,237056.52631578947
Lumpsum,Tamil Nadu,T30,18-25,Male,12,3138666,261555.5
Lumpsum,Tamil Nadu,T30,26-35,Female,51,12996995,254843.03921568627
Lumpsum,Tamil Nadu,T30,26-35,Male,66,17944750,271890.1515151515
Lumpsum,Tamil Nadu,T30,36-45,Female,24,5937206,247383.58333333334
Lumpsum,Tamil Nadu,T30,36-45,Male,77,20157256,261782.54545454544
Lumpsum,Tamil Nadu,T30,46-55,Female,8,2495337,311917.125
Lumpsum,Tamil Nadu,T30,46-55,Male,24,5316970,221540.41666666666
Lumpsum,Tamil Nadu,T30,56+,Female,8,2339026,292378.25
Lumpsum,Tamil Nadu,T30,56+,Male,23,6032937,262301.60869565216
Lumpsum,Telangana,T30,18-25,Female,25,6649647,265985.88
Lumpsum,Telangana,T30,18-25,Male,67,14674222,219018.23880597015
Lumpsum,Telangana,T30,26-35,Female,113,31016930,274486.1061946903
Lumpsum,Telangana,T30,26-35,Male,193,50006907,259103.1450777202
Lumpsum,Telangana,T30,36-45,Female,45,12956619,287924.86666666664
Lumpsum,Telangana,T30,36-45,Male,110,27189968,247181.52727272728
Lumpsum,Telangana,T30,46-55,Female,25,5954331,238173.24
Lumpsum,Telangana,T30,46-55,Male,45,12449743,276660.9555555555
Lumpsum,Telangana,T30,56+,Female,26,6969862,268071.6153846154
Lumpsum,Telangana,T30,56+,Male,23,6474750,281510.8695652174
Lumpsum,Uttar Pradesh,B30,18-25,Female,22,6610250,300465.9090909091
Lumpsum,Uttar Pradesh,B30,18-25,Male,44,11068109,251547.93181818182
Lumpsum,Uttar Pradesh,B30,26-35,Female,53,12912499,243632.05660377358
Lumpsum,Uttar Pradesh,B30,26-35,Male,99,25617544,258763.0707070707
Lumpsum,Uttar Pradesh,B30,36-45,Female,45,11669428,259320.6222222222
Lumpsum,Uttar Pradesh,B30,36-45,Male,88,22379454,254311.97727272726
Lumpsum,Uttar Pradesh,B30,46-55,Female,29,7982013,275241.8275862069
Lumpsum,Uttar Pradesh,B30,46-55,Male,28,7615173,271970.46428571426
Lumpsum,Uttar Pradesh,B30,56+,Female,14,3762282,268734.4285714286
Lumpsum,Uttar Pradesh,B30,56+,Male,20,4709690,235484.5
Lumpsum,Uttar Pradesh,T30,18-25,Female,20,3907020,195351.0
Lumpsum,Uttar Pradesh,T30,18-25,Male,35,8608268,245950.51428571428
Lumpsum,Uttar Pradesh,T30,26-35,Female,29,5964932,205687.3103448276
Lumpsum,Uttar Pradesh,T30,26-35,Male,61,15101402,247563.96721311475
Lumpsum,Uttar Pradesh,T30,36-45,Female,13,2714154,208781.07692307694
Lumpsum,Uttar Pradesh,T30,36-45,Male,36,8714746,242076.27777777778
Lumpsum,Uttar Pradesh,T30,46-55,Female,4,931108,232777.0
Lumpsum,Uttar Pradesh,T30,46-55,Male,15,3316130,221075.33333333334
Lumpsum,Uttar Pradesh,T30,56+,Female,2,399430,199715.0
Lumpsum,Uttar Pradesh,T30,56+,Male,9,1625393,180599.22222222222
Lumpsum,West Bengal,T30,18-25,Female,30,7343475,244782.5
Lumpsum,West Bengal,T30,18-25,Male,86,21563735,250741.10465116278
Lumpsum,West Bengal,T30,26-35,Female,76,16908838,222484.7105263158
Lumpsum,West Bengal,T30,26-35,Male,195,47396992,243061.49743589744
Lumpsum,West Bengal,T30,36-45,Female,52,12078077,232270.71153846153
Lumpsum,West Bengal,T30,36-45,Male,93,23759017,255473.30107526883
Lumpsum,West Bengal,T30,46-55,Female,33,7465557,226229.0
Lumpsum,West Bengal,T30,46-55,Male,45,13017847,289285.4888888889
Lumpsum,West Bengal,T30,56+,Female,23,5733597,249286.8260869565
Lumpsum,West Bengal,T30,56+,Male,25,5838939,233557.56
Redemption,Delhi,T30,18-25,Female,19,4748109,249900.47368421053
Redemption,Delhi,T30,18-25,Male,28,5851039,208965.67857142858
Redemption,Delhi,T30,26-35,Female,43,10798615,251130.58139534883
Redemption,Delhi,T30,26-35,Male,133,31076986,233661.54887218046
Redemption,Delhi,T30,36-45,Female,45,10546976,234377.24444444446
Redemption,Delhi,T30,36-45,Male,67,19833907,296028.46268656716
Redemption,Delhi,T30,46-55,Female,12,3168280,264023.3333333333
Redemption,Delhi,T30,46-55,Male,21,5440646,259078.38095238095
Redemption,Delhi,T30,56+,Female,6,1629767,271627.8333333333
Redemption,Delhi,T30,56+,Male,20,4698305,234915.25
Redemption,Gujarat,T30,18-25,Female,26,6302835,242416.73076923078
Redemption,Gujarat,T30,18-25,Male,36,8768195,243560.97222222222
Redemption,Gujarat,T30,26-35,Female,47,11537743,245483.89361702127
Redemption,Gujarat,T30,26-35,Male,106,25407713,239695.40566037735
Redemption,Gujarat,T30,36-45,Female,29,6929289,238941.0
Redemption,Gujarat,T30,36-45,Male,79,17388680,220109.8734177215
Redemption,Gujarat,T30,46-55,Female,26,7046047,271001.8076923077
Redemption,Gujarat,T30,46-55,Male,28,7675689,274131.75
Redemption,Gujarat,T30,56+,Female,16,3273766,204610.375
Redemption,Gujarat,T30,56+,Male,22,4712591,214208.68181818182
Redemption,Haryana,B30,18-25,Female,8,2319203,289900.375
Redemption,Haryana,B30,18-25,Male,39,8482284,217494.46153846153
Redemption,Haryana,B30,26-35,Female,32,6974782,217961.9375
Redemption,Haryana,B30,26-35,Male,48,11642234,242546.54166666666
Redemption,Haryana,B30,36-45,Female,16,3578563,223660.1875
Redemption,Haryana,B30,36-45,Male,33,9581543,290349.7878787879
Redemption,Haryana,B30,46-55,Female,9,2034399,226044.33333333334
Redemption,Haryana,B30,46-55,Male,19,5367218,282485.15789473685
Redemption,Haryana,B30,56+,Female,9,1289344,143260.44444444444
Redemption,Haryana,B30,56+,Male,17,4208922,247583.64705882352
Redemption,Haryana,T30,18-25,Female,6,1583804,263967.3333333333
Redemption,Haryana,T30,18-25,Male,16,4425235,276577.1875
Redemption,Haryana,T30,26-35,Female,15,3186581,212438.73333333334
Redemption,Haryana,T30,26-35,Male,50,12926058,258521.16
Redemption,Haryana,T30,36-45,Female,22,6306744,286670.1818181818
Redemption,Haryana,T30,36-45,Male,24,6803882,283495.0833333333
Redemption,Haryana,T30,46-55,Female,6,1612032,268672.0
Redemption,Haryana,T30,46-55,Male,14,3654384,261027.42857142858
Redemption,Haryana,T30,56+,Female,1,156734,156734.0
Redemption,Haryana,T30,56+,Male,6,1984694,330782.3333333333
Redemption,Karnataka,B30,18-25,Female,16,5042389,315149.3125
Redemption,Karnataka,B30,18-25,Male,19,4419568,232608.84210526315
Redemption,Karnataka,B30,26-35,Female,34,8318166,244651.9411764706
Redemption,Karnataka,B30,26-35,Male,68,17306617,254509.07352941178
Redemption,Karnataka,B30,36-45,Female,13,3367591,259045.46153846153
Redemption,Karnataka,B30,36-45,Male,32,8407558,262736.1875
Redemption,Karnataka,B30,46-55,Female,3,635913,211971.0
Redemption,Karnataka,B30,46-55,Male,11,2604072,236733.81818181818
Redemption,Karnataka,B30,56+,Female,5,1112859,222571.8
Redemption,Karnataka,B30,56+,Male,4,1308971,327242.75
Redemption,Karnataka,T30,18-25,Female,15,4231064,282070.93333333335
Redemption,Karnataka,T30,18-25,Male,19,4146471,218235.31578947368
Redemption,Karnataka,T30,26-35,Female,23,5153935,224084.13043478262
Redemption,Karnataka,T30,26-35,Male,45,11136761,247483.57777777777
Redemption,Karnataka,T30,36-45,Female,20,5496876,274843.8
Redemption,Karnataka,T30,36-45,Male,27,8067886,298810.5925925926
Redemption,Karnataka,T30,46-55,Female,10,3453242,345324.2
Redemption,Karnataka,T30,46-55,Male,15,3348813,223254.2
Redemption,Karnataka,T30,56+,Female,8,1920959,240119.875
Redemption,Karnataka,T30,56+,Male,9,2169925,241102.77777777778
Redemption,Madhya Pradesh,B30,18-25,Female,7,1811747,258821.0
Redemption,Madhya Pradesh,B30,18-25,Male,21,4771991,227237.66666666666
Redemption,Madhya Pradesh,B30,26-35,Female,31,6508320,209945.8064516129
Redemption,Madhya Pradesh,B30,26-35,Male,69,16544304,239772.52173913043
Redemption,Madhya Pradesh,B30,36-45,Female,34,9424931,277203.85294117645
Redemption,Madhya Pradesh,B30,36-45,Male,36,8925609,247933.58333333334
Redemption,Madhya Pradesh,B30,46-55,Female,11,2588013,235273.9090909091
Redemption,Madhya Pradesh,B30,46-55,Male,6,1419765,236627.5
Redemption,Madhya Pradesh,B30,56+,Female,5,1362433,272486.6
Redemption,Madhya Pradesh,B30,56+,Male,8,1703464,212933.0
Redemption,Madhya Pradesh,T30,18-25,Female,18,4511964,250664.66666666666
Redemption,Madhya Pradesh,T30,18-25,Male,18,3992723,221817.94444444444
Redemption,Madhya Pradesh,T30,26-35,Female,25,7088886,283555.44
Redemption,Madhya Pradesh,T30,26-35,Male,39,10515456,269627.07692307694
Redemption,Madhya Pradesh,T30,36-45,Female,19,4709425,247864.47368421053
Redemption,Madhya Pradesh,T30,36-45,Male,24,5885530,245230.41666666666
Redemption,Madhya Pradesh,T30,46-55,Female,11,2996683,272425.7272727273
Redemption,Madhya Pradesh,T30,46-55,Male,9,1783336,198148.44444444444
Redemption,Madhya Pradesh,T30,56+,Female,8,2515515,314439.375
Redemption,Madhya Pradesh,T30,56+,Male,16,4763877,297742.3125
Redemption,Maharashtra,B30,18-25,Female,3,862995,287665.0
Redemption,Maharashtra,B30,18-25,Male,6,1511569,251928.16666666666
Redemption,Maharashtra,B30,26-35,Female,16,4128401,258025.0625
Redemption,Maharashtra,B30,26-35,Male,36,8742864,242857.33333333334
Redemption,Maharashtra,B30,36-45,Female,7,2287055,326722.14285714284
Redemption,Maharashtra,B30,36-45,Male,28,5841888,208638.85714285713
Redemption,Maharashtra,B30,46-55,Female,1,68472,68472.0
Redemption,Maharashtra,B30,46-55,Male,10,2344416,234441.6
Redemption,Maharashtra,B30,56+,Female,1,357773,357773.0
Redemption,Maharashtra,B30,56+,Male,10,2126697,212669.7
Redemption,Maharashtra,T30,18-25,Female,16,3845698,240356.125
Redemption,Maharashtra,T30,18-25,Male,25,6717219,268688.76
Redemption,Maharashtra,T30,26-35,Female,38,9002438,236906.26315789475
Redemption,Maharashtra,T30,26-35,Male,65,15213626,234055.78461538462
Redemption,Maharashtra,T30,36-45,Female,24,6254368,260598.66666666666
Redemption,Maharashtra,T30,36-45,Male,48,11798459,245801.22916666666
Redemption,Maharashtra,T30,46-55,Female,7,1012655,144665.0
Redemption,Maharashtra,T30,46-55,Male,22,4432948,201497.63636363635
Redemption,Maharashtra,T30,56+,Female,2,588410,294205.0
Redemption,Maharashtra,T30,56+,Male,8,1706426,213303.25
Redemption,Punjab,B30,18-25,Female,13,3265779,251213.76923076922
Redemption,Punjab,B30,18-25,Male,22,5429949,246815.86363636365
Redemption,Punjab,B30,26-35,Female,19,4193410,220705.7894736842
Redemption,Punjab,B30,26-35,Male,71,17900498,252119.69014084508
Redemption,Punjab,B30,36-45,Female,29,6078040,209587.58620689655
Redemption,Punjab,B30,36-45,Male,30,8885032,296167.73333333334
Redemption,Punjab,B30,46-55,Female,9,1800514,200057.11111111112
Redemption,Punjab,B30,46-55,Male,12,3054489,254540.75
Redemption,Punjab,B30,56+,Female,11,2307511,209773.72727272726
Redemption,Punjab,B30,56+,Male,10,2350499,235049.9
Redemption,Punjab,T30,18-25,Female,4,597219,149304.75
Redemption,Punjab,T30,18-25,Male,29,7057272,243354.2068965517
Redemption,Punjab,T30,26-35,Female,31,7846011,253097.12903225806
Redemption,Punjab,T30,26-35,Male,74,18186207,245759.55405405405
Redemption,Punjab,T30,36-45,Female,6,1603843,267307.1666666667
Redemption,Punjab,T30,36-45,Male,27,6238428,231052.88888888888
Redemption,Punjab,T30,46-55,Female,10,2561802,256180.2
Redemption,Punjab,T30,46-55,Male,22,5299515,240887.04545454544
Redemption,Punjab,T30,56+,Female,10,2348288,234828.8
Redemption,Punjab,T30,56+,Male,13,4523597,347969.0
Redemption,Rajasthan,B30,18-25,Female,10,2632738,263273.8
Redemption,Rajasthan,B30,18-25,Male,19,6017015,316685.0
Redemption,Rajasthan,B30,26-35,Female,20,4346206,217310.3
Redemption,Rajasthan,B30,26-35,Male,56,14050705,250905.44642857142
Redemption,Rajasthan,B30,36-45,Female,12,3571328,297610.6666666667
Redemption,Rajasthan,B30,36-45,Male,33,7834438,237407.21212121213
Redemption,Rajasthan,B30,46-55,Female,5,890783,178156.6
Redemption,Rajasthan,B30,46-55,Male,14,3217983,229855.92857142858
Redemption,Rajasthan,B30,56+,Female,8,2202028,275253.5
Redemption,Rajasthan,B30,56+,Male,11,2804848,254986.18181818182
Redemption,Rajasthan,T30,18-25,Female,19,4479846,235781.36842105264
Redemption,Rajasthan,T30,18-25,Male,14,4521995,322999.64285714284
Redemption,Rajasthan,T30,26-35,Female,28,7700353,275012.60714285716
Redemption,Rajasthan,T30,26-35,Male,54,12974327,240265.3148148148
Redemption,Rajasthan,T30,36-45,Female,24,6951276,289636.5
Redemption,Rajasthan,T30,36-45,Male,25,6279411,251176.44
Redemption,Rajasthan,T30,46-55,Female,6,1674581,279096.8333333333
Redemption,Rajasthan,T30,46-55,Male,30,9431063,314368.76666666666
Redemption,Rajasthan,T30,56+,Female,3,841756,280585.3333333333
Redemption,Rajasthan,T30,56+,Male,15,4182449,278829.93333333335
Redemption,Tamil Nadu,B30,18-25,Female,16,4416242,276015.125
Redemption,Tamil Nadu,B30,18-25,Male,22,5908376,268562.54545454547
Redemption,Tamil Nadu,B30,26-35,Female,46,10708170,232786.30434782608
Redemption,Tamil Nadu,B30,26-35,Male,72,18233416,253241.88888888888
Redemption,Tamil Nadu,B30,36-45,Female,20,4153877,207693.85
Redemption,Tamil Nadu,B30,36-45,Male,36,9548840,265245.55555555556
Redemption,Tamil Nadu,B30,46-55,Female,8,2536277,317034.625
Redemption,Tamil Nadu,B30,46-55,Male,22,5250132,238642.36363636365
Redemption,Tamil Nadu,B30,56+,Female,8,1500282,187535.25
Redemption,Tamil Nadu,B30,56+,Male,8,1669845,208730.625
Redemption,Tamil Nadu,T30,18-25,Female,18,4626285,257015.83333333334
Redemption,Tamil Nadu,T30,18-25,Male,17,4111859,241874.0588235294
Redemption,Tamil Nadu,T30,26-35,Female,42,10834846,257972.52380952382
Redemption,Tamil Nadu,T30,26-35,Male,47,11352602,241544.72340425532
Redemption,Tamil Nadu,T30,36-45,Female,17,4262682,250746.0
Redemption,Tamil Nadu,T30,36-45,Male,38,8833051,232448.7105263158
Redemption,Tamil Nadu,T30,46-55,Female,5,1470514,294102.8
Redemption,Tamil Nadu,T30,46-55,Male,15,3592407,239493.8
Redemption,Tamil Nadu,T30,56+,Female,3,781686,260562.0
Redemption,Tamil Nadu,T30,56+,Male,20,5267517,263375.85
Redemption,Telangana,T30,18-25,Female,9,2381723,264635.8888888889
Redemption,Telangana,T30,18-25,Male,28,7489535,267483.39285714284
Redemption,Telangana,T30,26-35,Female,59,15003592,254298.16949152542
Redemption,Telangana,T30,26-35,Male,127,30896685,243280.9842519685
Redemption,Telangana,T30,36-45,Female,26,5691349,218898.03846153847
Redemption,Telangana,T30,36-45,Male,68,18195046,267574.20588235295
Redemption,Telangana,T30,46-55,Female,14,3971968,283712.0
Redemption,Telangana,T30,46-55,Male,33,7746215,234733.78787878787
Redemption,Telangana,T30,56+,Female,15,4187296,279153.06666666665
Redemption,Telangana,T30,56+,Male,11,1692680,153880.0
Redemption,Uttar Pradesh,B30,18-25,Female,19,4466834,235096.52631578947
Redemption,Uttar Pradesh,B30,18-25,Male,29,7694130,265314.8275862069
Redemption,Uttar Pradesh,B30,26-35,Female,28,7559247,269973.10714285716
Redemption,Uttar Pradesh,B30,26-35,Male,56,14394001,257035.73214285713
Redemption,Uttar Pradesh,B30,36-45,Female,24,6178986,257457.75
Redemption,Uttar Pradesh,B30,36-45,Male,46,10939185,237808.36956521738
Redemption,Uttar Pradesh,B30,46-55,Female,20,6026895,301344.75
Redemption,Uttar Pradesh,B30,46-55,Male,16,3552207,222012.9375
Redemption,Uttar Pradesh,B30,56+,Female,14,2669824,190701.7142857143
Redemption,Uttar Pradesh,B30,56+,Male,10,2932005,293200.5
Redemption,Uttar Pradesh,T30,18-25,Female,8,2534659,316832.375
Redemption,Uttar Pradesh,T30,18-25,Male,25,5293813,211752.52
Redemption,Uttar Pradesh,T30,26-35,Female,15,4100815,273387.6666666667
Redemption,Uttar Pradesh,T30,26-35,Male,44,11840495,269102.1590909091
Redemption,Uttar Pradesh,T30,36-45,Female,4,1148025,287006.25
Redemption,Uttar Pradesh,T30,36-45,Male,30,7540410,251347.0
Redemption,Uttar Pradesh,T30,46-55,Female,2,116729,58364.5
Redemption,Uttar Pradesh,T30,46-55,Male,7,1349445,192777.85714285713
Redemption,Uttar Pradesh,T30,56+,Female,2,420215,210107.5
Redemption,Uttar Pradesh,T30,56+,Male,5,1467070,293414.0
Redemption,West Bengal,T30,18-25,Female,23,6803286,295795.04347826086
Redemption,West Bengal,T30,18-25,Male,57,13593388,238480.49122807017
Redemption,West Bengal,T30,26-35,Female,41,9653767,235457.73170731709
Redemption,West Bengal,T30,26-35,Male,135,35743572,264767.2
Redemption,West Bengal,T30,36-45,Female,40,9194666,229866.65
Redemption,West Bengal,T30,36-45,Male,82,24561236,299527.26829268294
Redemption,West Bengal,T30,46-55,Female,21,5659449,269497.5714285714
Redemption,West Bengal,T30,46-55,Male,33,9435506,285924.42424242425
Redemption,West Bengal,T30,56+,Female,11,2456221,223292.81818181818
Redemption,West Bengal,T30,56+,Male,9,1479580,164397.77777777778
SIP,Delhi,T30,18-25,Female,72,678581,9424.736111111111
SIP,Delhi,T30,18-25,Male,114,1430675,12549.780701754386
SIP,Delhi,T30,26-35,Female,173,1974028,11410.56647398844
SIP,Delhi,T30,26-35,Male,497,5089275,10239.989939637828
SIP,Delhi,T30,36-45,Female,176,1789981,10170.34659090909
SIP,Delhi,T30,36-45,Male,276,2876728,10422.927536231884
SIP,Delhi,T30,46-55,Female,62,537439,8668.370967741936
SIP,Delhi,T30,46-55,Male,123,1423158,11570.390243902439
SIP,Delhi,T30,56+,Female,25,201002,8040.08
SIP,Delhi,T30,56+,Male,88,1112741,12644.78409090909
SIP,Gujarat,T30,18-25,Female,83,767263,9244.132530120482
SIP,Gujarat,T30,18-25,Male,138,1502162,10885.231884057972
SIP,Gujarat,T30,26-35,Female,211,2469441,11703.511848341232
SIP,Gujarat,T30,26-35,Male,449,5032346,11207.897550111358
SIP,Gujarat,T30,36-45,Female,113,1314034,11628.61946902655
SIP,Gujarat,T30,36-45,Male,334,3237483,9693.062874251496
SIP,Gujarat,T30,46-55,Female,84,1120843,13343.369047619048
SIP,Gujarat,T30,46-55,Male,119,1484208,12472.33613445378
SIP,Gujarat,T30,56+,Female,55,632983,11508.781818181818
SIP,Gujarat,T30,56+,Male,67,818141,12211.059701492537
SIP,Haryana,B30,18-25,Female,27,257224,9526.814814814816
SIP,Haryana,B30,18-25,Male,120,1448008,12066.733333333334
SIP,Haryana,B30,26-35,Female,154,1375282,8930.402597402597
SIP,Haryana,B30,26-35,Male,219,2183441,9970.050228310502
SIP,Haryana,B30,36-45,Female,76,661170,8699.605263157895
SIP,Haryana,B30,36-45,Male,130,1245383,9579.86923076923
SIP,Haryana,B30,46-55,Female,20,171546,8577.3
SIP,Haryana,B30,46-55,Male,80,967159,12089.4875
SIP,Haryana,B30,56+,Female,29,269528,9294.068965517241
SIP,Haryana,B30,56+,Male,58,744760,12840.689655172413
SIP,Haryana,T30,18-25,Female,24,264066,11002.75
SIP,Haryana,T30,18-25,Male,79,870907,11024.139240506329
SIP,Haryana,T30,26-35,Female,115,1224566,10648.4
SIP,Haryana,T30,26-35,Male,240,2909646,12123.525
SIP,Haryana,T30,36-45,Female,58,591513,10198.5
SIP,Haryana,T30,36-45,Male,124,1492075,12032.862903225807
SIP,Haryana,T30,46-55,Female,31,410810,13251.935483870968
SIP,Haryana,T30,46-55,Male,55,591473,10754.054545454546
SIP,Haryana,T30,56+,Female,10,96325,9632.5
SIP,Haryana,T30,56+,Male,41,401814,9800.341463414634
SIP,Karnataka,B30,18-25,Female,55,483623,8793.145454545454
SIP,Karnataka,B30,18-25,Male,98,1096056,11184.244897959185
SIP,Karnataka,B30,26-35,Female,117,1178874,10075.846153846154
SIP,Karnataka,B30,26-35,Male,250,2847453,11389.812
SIP,Karnataka,B30,36-45,Female,58,448541,7733.4655172413795
SIP,Karnataka,B30,36-45,Male,91,969957,10658.868131868132
SIP,Karnataka,B30,46-55,Female,8,74831,9353.875
SIP,Karnataka,B30,46-55,Male,52,510876,9824.538461538461
SIP,Karnataka,B30,56+,Female,11,122974,11179.454545454546
SIP,Karnataka,B30,56+,Male,26,383279,14741.5
SIP,Karnataka,T30,18-25,Female,64,781927,12217.609375
SIP,Karnataka,T30,18-25,Male,68,694661,10215.60294117647
SIP,Karnataka,T30,26-35,Female,113,1344827,11901.12389380531
SIP,Karnataka,T30,26-35,Male,225,2370930,10537.466666666667
SIP,Karnataka,T30,36-45,Female,55,670944,12198.981818181817
SIP,Karnataka,T30,36-45,Male,140,1551707,11083.621428571429
SIP,Karnataka,T30,46-55,Female,70,633248,9046.4
SIP,Karnataka,T30,46-55,Male,76,921475,12124.671052631578
SIP,Karnataka,T30,56+,Female,18,249928,13884.888888888889
SIP,Karnataka,T30,56+,Male,25,360792,14431.68
SIP,Madhya Pradesh,B30,18-25,Female,79,1073372,13586.987341772152
SIP,Madhya Pradesh,B30,18-25,Male,84,887736,10568.285714285714
SIP,Madhya Pradesh,B30,26-35,Female,117,1418213,12121.478632478633
SIP,Madhya Pradesh,B30,26-35,Male,261,3253231,12464.486590038314
SIP,Madhya Pradesh,B30,36-45,Female,91,898178,9870.087912087913
SIP,Madhya Pradesh,B30,36-45,Male,151,1866073,12358.099337748345
SIP,Madhya Pradesh,B30,46-55,Female,35,305467,8727.628571428571
SIP,Madhya Pradesh,B30,46-55,Male,49,280469,5723.857142857143
SIP,Madhya Pradesh,B30,56+,Female,14,161801,11557.214285714286
SIP,Madhya Pradesh,B30,56+,Male,42,639910,15235.952380952382
SIP,Madhya Pradesh,T30,18-25,Female,69,832661,12067.550724637682
SIP,Madhya Pradesh,T30,18-25,Male,83,850039,10241.43373493976
SIP,Madhya Pradesh,T30,26-35,Female,111,1352006,12180.234234234234
SIP,Madhya Pradesh,T30,26-35,Male,205,2179902,10633.668292682927
SIP,Madhya Pradesh,T30,36-45,Female,62,739320,11924.516129032258
SIP,Madhya Pradesh,T30,36-45,Male,141,1303625,9245.567375886525
SIP,Madhya Pradesh,T30,46-55,Female,35,509502,14557.2
SIP,Madhya Pradesh,T30,46-55,Male,90,1095430,12171.444444444445
SIP,Madhya Pradesh,T30,56+,Female,27,350442,12979.333333333334
SIP,Madhya Pradesh,T30,56+,Male,50,684866,13697.32
SIP,Maharashtra,B30,18-25,Female,27,253950,9405.555555555555
SIP,Maharashtra,B30,18-25,Male,32,355749,11117.15625
SIP,Maharashtra,B30,26-35,Female,59,532621,9027.474576271186
SIP,Maharashtra,B30,26-35,Male,114,1531097,13430.67543859649
SIP,Maharashtra,B30,36-45,Female,31,389853,12575.90322580645
SIP,Maharashtra,B30,36-45,Male,86,872507,10145.43023255814
SIP,Maharashtra,B30,46-55,Female,11,72507,6591.545454545455
SIP,Maharashtra,B30,46-55,Male,22,118853,5402.409090909091
SIP,Maharashtra,B30,56+,Female,9,67609,7512.111111111111
SIP,Maharashtra,B30,56+,Male,46,612368,13312.347826086956
SIP,Maharashtra,T30,18-25,Female,35,352158,10061.657142857142
SIP,Maharashtra,T30,18-25,Male,105,1053704,10035.27619047619
SIP,Maharashtra,T30,26-35,Female,151,1772990,11741.655629139073
SIP,Maharashtra,T30,26-35,Male,269,2702674,10047.115241635687
SIP,Maharashtra,T30,36-45,Female,118,1335518,11317.949152542373
SIP,Maharashtra,T30,36-45,Male,214,2521279,11781.677570093458
SIP,Maharashtra,T30,46-55,Female,29,391912,13514.206896551725
SIP,Maharashtra,T30,46-55,Male,95,1039377,10940.810526315789
SIP,Maharashtra,T30,56+,Female,7,89995,12856.42857142857
SIP,Maharashtra,T30,56+,Male,39,378908,9715.589743589744
SIP,Punjab,B30,18-25,Female,68,667318,9813.5
SIP,Punjab,B30,18-25,Male,120,1454753,12122.941666666668
SIP,Punjab,B30,26-35,Female,118,1261472,10690.440677966102
SIP,Punjab,B30,26-35,Male,237,2624891,11075.489451476793
SIP,Punjab,B30,36-45,Female,87,1107455,12729.367816091954
SIP,Punjab,B30,36-45,Male,127,1608296,12663.748031496063
SIP,Punjab,B30,46-55,Female,39,483264,12391.384615384615
SIP,Punjab,B30,46-55,Male,63,554754,8805.619047619048
SIP,Punjab,B30,56+,Female,30,277779,9259.3
SIP,Punjab,B30,56+,Male,47,552151,11747.893617021276
SIP,Punjab,T30,18-25,Female,19,197476,10393.473684210527
SIP,Punjab,T30,18-25,Male,89,1014930,11403.707865168539
SIP,Punjab,T30,26-35,Female,133,1385073,10414.082706766918
SIP,Punjab,T30,26-35,Male,294,3096768,10533.224489795919
SIP,Punjab,T30,36-45,Female,23,254301,11056.565217391304
SIP,Punjab,T30,36-45,Male,144,1424064,9889.333333333334
SIP,Punjab,T30,46-55,Female,17,266180,15657.64705882353
SIP,Punjab,T30,46-55,Male,73,1139778,15613.397260273972
SIP,Punjab,T30,56+,Female,24,215815,8992.291666666666
SIP,Punjab,T30,56+,Male,40,553546,13838.65
SIP,Rajasthan,B30,18-25,Female,36,410717,11408.805555555555
SIP,Rajasthan,B30,18-25,Male,99,1210407,12226.333333333334
SIP,Rajasthan,B30,26-35,Female,103,926341,8993.601941747573
SIP,Rajasthan,B30,26-35,Male,208,2261737,10873.735576923076
SIP,Rajasthan,B30,36-45,Female,36,377197,10477.694444444445
SIP,Rajasthan,B30,36-45,Male,84,965759,11497.130952380952
SIP,Rajasthan,B30,46-55,Female,16,122954,7684.625
SIP,Rajasthan,B30,46-55,Male,56,618329,11041.589285714286
SIP,Rajasthan,B30,56+,Female,20,233280,11664.0
SIP,Rajasthan,B30,56+,Male,39,450205,11543.71794871795
SIP,Rajasthan,T30,18-25,Female,54,655990,12147.962962962964
SIP,Rajasthan,T30,18-25,Male,42,420990,10023.57142857143
SIP,Rajasthan,T30,26-35,Female,102,1291213,12658.950980392157
SIP,Rajasthan,T30,26-35,Male,193,1717508,8899.005181347151
SIP,Rajasthan,T30,36-45,Female,81,919990,11357.901234567902
SIP,Rajasthan,T30,36-45,Male,124,1579533,12738.16935483871
SIP,Rajasthan,T30,46-55,Female,34,455190,13387.941176470587
SIP,Rajasthan,T30,46-55,Male,76,704785,9273.486842105263
SIP,Rajasthan,T30,56+,Female,18,187771,10431.722222222223
SIP,Rajasthan,T30,56+,Male,78,1034337,13260.73076923077
SIP,Tamil Nadu,B30,18-25,Female,40,487526,12188.15
SIP,Tamil Nadu,B30,18-25,Male,94,937282,9971.08510638298
SIP,Tamil Nadu,B30,26-35,Female,101,1240349,12280.683168316831
SIP,Tamil Nadu,B30,26-35,Male,267,2985395,11181.25468164794
SIP,Tamil Nadu,B30,36-45,Female,68,609292,8960.176470588236
SIP,Tamil Nadu,B30,36-45,Male,126,1574760,12498.095238095239
SIP,Tamil Nadu,B30,46-55,Female,36,389605,10822.361111111111
SIP,Tamil Nadu,B30,46-55,Male,56,610189,10896.232142857143
SIP,Tamil Nadu,B30,56+,Female,23,261141,11353.95652173913
SIP,Tamil Nadu,B30,56+,Male,37,473423,12795.216216216217
SIP,Tamil Nadu,T30,18-25,Female,49,562633,11482.30612244898
SIP,Tamil Nadu,T30,18-25,Male,66,736061,11152.439393939394
SIP,Tamil Nadu,T30,26-35,Female,136,1551669,11409.33088235294
SIP,Tamil Nadu,T30,26-35,Male,155,1888157,12181.658064516128
SIP,Tamil Nadu,T30,36-45,Female,72,754633,10481.013888888889
SIP,Tamil Nadu,T30,36-45,Male,158,1664800,10536.708860759494
SIP,Tamil Nadu,T30,46-55,Female,20,113241,5662.05
SIP,Tamil Nadu,T30,46-55,Male,60,804098,13401.633333333333
SIP,Tamil Nadu,T30,56+,Female,24,242194,10091.416666666666
SIP,Tamil Nadu,T30,56+,Male,54,517920,9591.111111111111
SIP,Telangana,T30,18-25,Female,62,582685,9398.145161290322
SIP,Telangana,T30,18-25,Male,122,1011390,8290.081967213115
SIP,Telangana,T30,26-35,Female,247,2613356,10580.388663967611
SIP,Telangana,T30,26-35,Male,440,5617625,12767.329545454546
SIP,Telangana,T30,36-45,Female,144,1772278,12307.486111111111
SIP,Telangana,T30,36-45,Male,306,3628868,11859.045751633987
SIP,Telangana,T30,46-55,Female,57,558304,9794.807017543859
SIP,Telangana,T30,46-55,Male,139,1461448,10514.01438848921
SIP,Telangana,T30,56+,Female,70,855652,12223.6
SIP,Telangana,T30,56+,Male,69,518610,7516.086956521739
SIP,Uttar Pradesh,B30,18-25,Female,55,672238,12222.50909090909
SIP,Uttar Pradesh,B30,18-25,Male,111,1164620,10492.072072072073
SIP,Uttar Pradesh,B30,26-35,Female,132,1308320,9911.515151515152
SIP,Uttar Pradesh,B30,26-35,Male,283,3156695,11154.399293286218
SIP,Uttar Pradesh,B30,36-45,Female,81,779365,9621.79012345679
SIP,Uttar Pradesh,B30,36-45,Male,174,1993209,11455.224137931034
SIP,Uttar Pradesh,B30,46-55,Female,68,616871,9071.632352941177
SIP,Uttar Pradesh,B30,46-55,Male,91,975939,10724.604395604396
SIP,Uttar Pradesh,B30,56+,Female,44,442255,10051.25
SIP,Uttar Pradesh,B30,56+,Male,34,425808,12523.764705882353
SIP,Uttar Pradesh,T30,18-25,Female,22,209922,9541.90909090909
SIP,Uttar Pradesh,T30,18-25,Male,76,803987,10578.776315789473
SIP,Uttar Pradesh,T30,26-35,Female,70,840924,12013.2
SIP,Uttar Pradesh,T30,26-35,Male,172,1759961,10232.331395348838
SIP,Uttar Pradesh,T30,36-45,Female,42,485934,11569.857142857143
SIP,Uttar Pradesh,T30,36-45,Male,97,902440,9303.505154639175
SIP,Uttar Pradesh,T30,46-55,Female,16,169762,10610.125
SIP,Uttar Pradesh,T30,46-55,Male,37,564520,15257.297297297297
SIP,Uttar Pradesh,T30,56+,Female,8,146956,18369.5
SIP,Uttar Pradesh,T30,56+,Male,12,115132,9594.333333333334
SIP,West Bengal,T30,18-25,Female,101,1227802,12156.455445544554
SIP,West Bengal,T30,18-25,Male,168,1937364,11531.92857142857
SIP,West Bengal,T30,26-35,Female,184,1917192,10419.521739130434
SIP,West Bengal,T30,26-35,Male,438,4399851,10045.32191780822
SIP,West Bengal,T30,36-45,Female,147,1550735,10549.21768707483
SIP,West Bengal,T30,36-45,Male,280,2894469,10337.389285714286
SIP,West Bengal,T30,46-55,Female,69,846000,12260.869565217392
SIP,West Bengal,T30,46-55,Male,131,1498762,11440.931297709923
SIP,West Bengal,T30,56+,Female,64,560775,8762.109375
SIP,West Bengal,T30,56+,Male,56,662819,11836.05357142857
